Iteration,Prompt,HitRate,RewardOrPenalty,C++ Filename
1,"
You are tasked to generate a complete, compilable C++ file for a CPU cache eviction policy for ChampSim CRC2.

DO NOT output any English text, description, or explanation.  
ONLY output C++ code.

You are free to design **any valid eviction policy** — it could be based on:
- LRU (Least Recently Used)
- Random
- LFU (Least Frequently Used)
- LFU+LRU hybrid
- Custom heuristics
- Anything that is internally consistent

However, you must strictly satisfy the following rules:

- Correctly match the ChampSim CRC2 interface:
  - `void InitReplacementState()`
  - `uint32_t GetVictimInSet(uint32_t cpu, uint32_t set, const BLOCK *current_set, uint64_t PC, uint64_t paddr, uint32_t type)`
  - `void UpdateReplacementState(uint32_t cpu, uint32_t set, uint32_t way, uint64_t paddr, uint64_t PC, uint64_t victim_addr, uint32_t type, uint8_t hit)`
  - `void PrintStats_Heartbeat()`
  - `void PrintStats()`
- Maintain any necessary per-line metadata (like access timestamps, access counters, etc.) appropriately
- Assume flat cache structure:
  - Number of sets = `NUM_SET`
  - Associativity = `ASSOC`
- At the top of your code, manually define:
  - `#define NUM_SET 2048`
  - `#define ASSOC 16`
- Only use standard C++11 or newer features
- Output pure C++ between `%%` markers only (no markdown, no ```cpp)

Below is an **example starter structure** — you must complete it based on the policy you choose:

%%
#include ""champsim_crc2.h""
#include <vector>
#include <cstdint>
#include <climits>
#include <cstdlib>

#define NUM_SET 2048
#define ASSOC 16

// (Your metadata structs here)

void InitReplacementState() {
    // (Your initialization code here)
}

uint32_t GetVictimInSet(uint32_t cpu, uint32_t set, const BLOCK* current_set, uint64_t PC, uint64_t paddr, uint32_t type) {
    // (Your victim selection logic here)
}

void UpdateReplacementState(uint32_t cpu, uint32_t set, uint32_t way, uint64_t paddr, uint64_t PC, uint64_t victim_addr, uint32_t type, uint8_t hit) {
    // (Your state update logic here)
}

void PrintStats_Heartbeat() {
    // (Heartbeat stats here)
}

void PrintStats() {
    // (Final stats here)
}
%%
",0.4574993975818225,Reward,replacement_policy_1
4,"
You are tasked to generate a complete, compilable C++ file for a CPU cache eviction policy for ChampSim CRC2.

DO NOT output any English text, description, or explanation.  
ONLY output C++ code.

You are free to design **any valid eviction policy** — it could be based on:
- LRU (Least Recently Used)
- Random
- LFU (Least Frequently Used)
- LFU+LRU hybrid
- Custom heuristics
- Anything that is internally consistent

However, you must strictly satisfy the following rules:

- Correctly match the ChampSim CRC2 interface:
  - `void InitReplacementState()`
  - `uint32_t GetVictimInSet(uint32_t cpu, uint32_t set, const BLOCK *current_set, uint64_t PC, uint64_t paddr, uint32_t type)`
  - `void UpdateReplacementState(uint32_t cpu, uint32_t set, uint32_t way, uint64_t paddr, uint64_t PC, uint64_t victim_addr, uint32_t type, uint8_t hit)`
  - `void PrintStats_Heartbeat()`
  - `void PrintStats()`
- Maintain any necessary per-line metadata (like access timestamps, access counters, etc.) appropriately
- Assume flat cache structure:
  - Number of sets = `NUM_SET`
  - Associativity = `ASSOC`
- At the top of your code, manually define:
  - `#define NUM_SET 2048`
  - `#define ASSOC 16`
- Only use standard C++11 or newer features
- Output pure C++ between `%%` markers only (no markdown, no ```cpp)

Below is an **example starter structure** — you must complete it based on the policy you choose:

%%
#include ""champsim_crc2.h""
#include <vector>
#include <cstdint>
#include <climits>
#include <cstdlib>

#define NUM_SET 2048
#define ASSOC 16

// (Your metadata structs here)

void InitReplacementState() {
    // (Your initialization code here)
}

uint32_t GetVictimInSet(uint32_t cpu, uint32_t set, const BLOCK* current_set, uint64_t PC, uint64_t paddr, uint32_t type) {
    // (Your victim selection logic here)
}

void UpdateReplacementState(uint32_t cpu, uint32_t set, uint32_t way, uint64_t paddr, uint64_t PC, uint64_t victim_addr, uint32_t type, uint8_t hit) {
    // (Your state update logic here)
}

void PrintStats_Heartbeat() {
    // (Heartbeat stats here)
}

void PrintStats() {
    // (Final stats here)
}
%%


‼️ URGENT - New Mutation Instruction:
Randomly shuffle eviction candidates and pick based on modular hashing.

Workload Specific Hint:
Focus the eviction policy on handling workloads like astar_313B, where large working sets and irregular access patterns cause high cache contention. Prioritize evicting less recently and less frequently used blocks.",0.4514787594437908,Penalty,replacement_policy_4
5,"
You are tasked to generate a complete, compilable C++ file for a CPU cache eviction policy for ChampSim CRC2.

DO NOT output any English text, description, or explanation.  
ONLY output C++ code.

You are free to design **any valid eviction policy** — it could be based on:
- LRU (Least Recently Used)
- Random
- LFU (Least Frequently Used)
- LFU+LRU hybrid
- Custom heuristics
- Anything that is internally consistent

However, you must strictly satisfy the following rules:

- Correctly match the ChampSim CRC2 interface:
  - `void InitReplacementState()`
  - `uint32_t GetVictimInSet(uint32_t cpu, uint32_t set, const BLOCK *current_set, uint64_t PC, uint64_t paddr, uint32_t type)`
  - `void UpdateReplacementState(uint32_t cpu, uint32_t set, uint32_t way, uint64_t paddr, uint64_t PC, uint64_t victim_addr, uint32_t type, uint8_t hit)`
  - `void PrintStats_Heartbeat()`
  - `void PrintStats()`
- Maintain any necessary per-line metadata (like access timestamps, access counters, etc.) appropriately
- Assume flat cache structure:
  - Number of sets = `NUM_SET`
  - Associativity = `ASSOC`
- At the top of your code, manually define:
  - `#define NUM_SET 2048`
  - `#define ASSOC 16`
- Only use standard C++11 or newer features
- Output pure C++ between `%%` markers only (no markdown, no ```cpp)

Below is an **example starter structure** — you must complete it based on the policy you choose:

%%
#include ""champsim_crc2.h""
#include <vector>
#include <cstdint>
#include <climits>
#include <cstdlib>

#define NUM_SET 2048
#define ASSOC 16

// (Your metadata structs here)

void InitReplacementState() {
    // (Your initialization code here)
}

uint32_t GetVictimInSet(uint32_t cpu, uint32_t set, const BLOCK* current_set, uint64_t PC, uint64_t paddr, uint32_t type) {
    // (Your victim selection logic here)
}

void UpdateReplacementState(uint32_t cpu, uint32_t set, uint32_t way, uint64_t paddr, uint64_t PC, uint64_t victim_addr, uint32_t type, uint8_t hit) {
    // (Your state update logic here)
}

void PrintStats_Heartbeat() {
    // (Heartbeat stats here)
}

void PrintStats() {
    // (Final stats here)
}
%%


‼️ URGENT - New Mutation Instruction:
Completely abandon LRU and use purely Random eviction.

Workload Specific Hint:
Focus the eviction policy on handling workloads like astar_313B, where large working sets and irregular access patterns cause high cache contention. Prioritize evicting less recently and less frequently used blocks.",0.4282147868857106,Penalty,replacement_policy_5
3,"
You are tasked to generate a complete, compilable C++ file for a CPU cache eviction policy for ChampSim CRC2.

DO NOT output any English text, description, or explanation.  
ONLY output C++ code.

You are free to design **any valid eviction policy** — it could be based on:
- LRU (Least Recently Used)
- Random
- LFU (Least Frequently Used)
- LFU+LRU hybrid
- Custom heuristics
- Anything that is internally consistent

However, you must strictly satisfy the following rules:

- Correctly match the ChampSim CRC2 interface:
  - `void InitReplacementState()`
  - `uint32_t GetVictimInSet(uint32_t cpu, uint32_t set, const BLOCK *current_set, uint64_t PC, uint64_t paddr, uint32_t type)`
  - `void UpdateReplacementState(uint32_t cpu, uint32_t set, uint32_t way, uint64_t paddr, uint64_t PC, uint64_t victim_addr, uint32_t type, uint8_t hit)`
  - `void PrintStats_Heartbeat()`
  - `void PrintStats()`
- Maintain any necessary per-line metadata (like access timestamps, access counters, etc.) appropriately
- Assume flat cache structure:
  - Number of sets = `NUM_SET`
  - Associativity = `ASSOC`
- At the top of your code, manually define:
  - `#define NUM_SET 2048`
  - `#define ASSOC 16`
- Only use standard C++11 or newer features
- Output pure C++ between `%%` markers only (no markdown, no ```cpp)

Below is an **example starter structure** — you must complete it based on the policy you choose:

%%
#include ""champsim_crc2.h""
#include <vector>
#include <cstdint>
#include <climits>
#include <cstdlib>

#define NUM_SET 2048
#define ASSOC 16

// (Your metadata structs here)

void InitReplacementState() {
    // (Your initialization code here)
}

uint32_t GetVictimInSet(uint32_t cpu, uint32_t set, const BLOCK* current_set, uint64_t PC, uint64_t paddr, uint32_t type) {
    // (Your victim selection logic here)
}

void UpdateReplacementState(uint32_t cpu, uint32_t set, uint32_t way, uint64_t paddr, uint64_t PC, uint64_t victim_addr, uint32_t type, uint8_t hit) {
    // (Your state update logic here)
}

void PrintStats_Heartbeat() {
    // (Heartbeat stats here)
}

void PrintStats() {
    // (Final stats here)
}
%%


‼️ URGENT - New Mutation Instruction:
Switch to LFU (Least Frequently Used) based on access counts.

Workload Specific Hint:
Focus the eviction policy on handling workloads like astar_313B, where large working sets and irregular access patterns cause high cache contention. Prioritize evicting less recently and less frequently used blocks.",0.3955043657599682,Penalty,replacement_policy_3
2,"
You are tasked to generate a complete, compilable C++ file for a CPU cache eviction policy for ChampSim CRC2.

DO NOT output any English text, description, or explanation.  
ONLY output C++ code.

You are free to design **any valid eviction policy** — it could be based on:
- LRU (Least Recently Used)
- Random
- LFU (Least Frequently Used)
- LFU+LRU hybrid
- Custom heuristics
- Anything that is internally consistent

However, you must strictly satisfy the following rules:

- Correctly match the ChampSim CRC2 interface:
  - `void InitReplacementState()`
  - `uint32_t GetVictimInSet(uint32_t cpu, uint32_t set, const BLOCK *current_set, uint64_t PC, uint64_t paddr, uint32_t type)`
  - `void UpdateReplacementState(uint32_t cpu, uint32_t set, uint32_t way, uint64_t paddr, uint64_t PC, uint64_t victim_addr, uint32_t type, uint8_t hit)`
  - `void PrintStats_Heartbeat()`
  - `void PrintStats()`
- Maintain any necessary per-line metadata (like access timestamps, access counters, etc.) appropriately
- Assume flat cache structure:
  - Number of sets = `NUM_SET`
  - Associativity = `ASSOC`
- At the top of your code, manually define:
  - `#define NUM_SET 2048`
  - `#define ASSOC 16`
- Only use standard C++11 or newer features
- Output pure C++ between `%%` markers only (no markdown, no ```cpp)

Below is an **example starter structure** — you must complete it based on the policy you choose:

%%
#include ""champsim_crc2.h""
#include <vector>
#include <cstdint>
#include <climits>
#include <cstdlib>

#define NUM_SET 2048
#define ASSOC 16

// (Your metadata structs here)

void InitReplacementState() {
    // (Your initialization code here)
}

uint32_t GetVictimInSet(uint32_t cpu, uint32_t set, const BLOCK* current_set, uint64_t PC, uint64_t paddr, uint32_t type) {
    // (Your victim selection logic here)
}

void UpdateReplacementState(uint32_t cpu, uint32_t set, uint32_t way, uint64_t paddr, uint64_t PC, uint64_t victim_addr, uint32_t type, uint8_t hit) {
    // (Your state update logic here)
}

void PrintStats_Heartbeat() {
    // (Heartbeat stats here)
}

void PrintStats() {
    // (Final stats here)
}
%%


✅ Fine-tuning Suggestion:
Introduce priority between load hits and RFO hits.

Workload Specific Hint:
Focus the eviction policy on handling workloads like astar_313B, where large working sets and irregular access patterns cause high cache contention. Prioritize evicting less recently and less frequently used blocks.",0.3955043657599682,Penalty,replacement_policy_2
